Model,Test MAE,Test RMSE,Test R²
Random Forest (Baseline),84.59393176701641,172.22307688691453,0.8586446228757868
Random Forest (Tuned),54.57213307817478,186.92449534128713,0.8334816574976502
XGBoost (Baseline),151.77751143545828,237.04503876668642,0.7322118308115146
XGBoost (Tuned),48.55289973503353,134.2110328622903,0.9141567635543435
