model,train_mae,test_mae,train_rmse,test_rmse,train_r2,test_r2,train_mape,test_mape
Linear Regression,234.79235640214,237.51310518304393,348.8990627855493,351.24381117969256,0.4137950971137445,0.41204104766761496,49.997807037383964,49.69553554499137
Ridge Regression,235.39076443665297,238.26434301076793,349.3644682587179,352.00116993499086,0.41223014631779864,0.4095027769626214,50.11104404971095,49.8866566377379
Random Forest,48.54824685506587,84.59393176701641,95.82299100441803,172.22307688691453,0.9557829987103916,0.8586446228757868,8.842399262964044,14.58057405871774
XGBoost,143.42593045114148,151.77751143545828,222.1668700626273,237.04503876668642,0.7623113554515162,0.7322118308115146,27.940251315308075,28.936303239865037
